{
    "best_epoch": 124,
    "TNR": 0.11224489795918369,
    "AUROC": 0.7021396621270819,
    "DTACC": 0.676719317864132,
    "AUIN": 0.9776115025028658,
    "AUOUT": 0.08906228305874715
}