{
    "best_epoch": 123,
    "dev": {
        "TNR": 0.07407407407407407,
        "AUROC": 0.7817786922725194,
        "DTACC": 0.7762345679012346,
        "AUIN": 0.9746677252123432,
        "AUOUT": 0.1675919253722882
    },
    "test": {
        "TNR": 0.08333333333333337,
        "AUROC": 0.7494047619047619,
        "DTACC": 0.733673469387755,
        "AUIN": 0.9685704675984256,
        "AUOUT": 0.16031758702180632
    }
}