{
    "best_epoch": 147,
    "dev": {
        "TNR": 0.993103448275862,
        "AUROC": 0.9969434637519949,
        "DTACC": 0.9741113314310587,
        "AUIN": 0.9986811534068197,
        "AUOUT": 0.9825284530470432
    },
    "test": {
        "TNR": 0.9931350114416476,
        "AUROC": 0.9974492326895072,
        "DTACC": 0.9775813050412592,
        "AUIN": 0.9992542567208764,
        "AUOUT": 0.9865946723029699
    }
}