{
    "best_epoch": 173,
    "dev": {
        "TNR": 0.7227722772277227,
        "AUROC": 0.9498407365660451,
        "DTACC": 0.8912522438441683,
        "AUIN": 0.9847039168993197,
        "AUOUT": 0.8248388578207337
    },
    "test": {
        "TNR": 0.7313854853911405,
        "AUROC": 0.9540264027961831,
        "DTACC": 0.8951821117355122,
        "AUIN": 0.9863944867389269,
        "AUOUT": 0.8326122426658705
    }
}