{
    "best_epoch": 30,
    "dev": {
        "TNR": 0.3157894736842105,
        "AUROC": 0.7833646616541354,
        "DTACC": 0.7322603383458647,
        "AUIN": 0.9748803882162682,
        "AUOUT": 0.25929797753967476
    },
    "test": {
        "TNR": 0.15254237288135597,
        "AUROC": 0.7252981795354676,
        "DTACC": 0.6866290018832392,
        "AUIN": 0.9650408507298956,
        "AUOUT": 0.20349692320140203
    }
}