{
    "best_epoch": 101,
    "TNR": 0.8019323671497585,
    "AUROC": 0.9590457580198665,
    "DTACC": 0.8928623367632132,
    "AUIN": 0.9989451388084649,
    "AUOUT": 0.514574177721512
}