{
    "best_epoch": 137,
    "dev": {
        "TNR": 0.5450980392156863,
        "AUROC": 0.8884704499083584,
        "DTACC": 0.806411453470277,
        "AUIN": 0.9703282487409294,
        "AUOUT": 0.6936045247705789
    },
    "test": {
        "TNR": 0.5686274509803921,
        "AUROC": 0.8978325347935203,
        "DTACC": 0.8266160125925798,
        "AUIN": 0.9698158187294017,
        "AUOUT": 0.7047079775623143
    }
}