{
    "best_epoch": 59,
    "TNR": 0.883495145631068,
    "AUROC": 0.9461949777356011,
    "DTACC": 0.9178753923644062,
    "AUIN": 0.9890488463869977,
    "AUOUT": 0.8745827787539717
}