{
    "best_epoch": 69,
    "dev": {
        "TNR": 0.8961038961038961,
        "AUROC": 0.984688995215311,
        "DTACC": 0.9384996582365004,
        "AUIN": 0.9950790192955208,
        "AUOUT": 0.951343671066004
    },
    "test": {
        "TNR": 0.9399141630901288,
        "AUROC": 0.9802387690462357,
        "DTACC": 0.946850460108327,
        "AUIN": 0.9933139900821581,
        "AUOUT": 0.9522313776271413
    }
}