{
    "clean acc": 0.9671173939766441,
    "noise acc": 0.93899815611555,
    "adv acc": 0.49661954517516904,
    "clean dwt acc": 0.9642747387830363,
    "adv dwt acc": 0.8398893669330055
}