{
    "best_epoch": 60,
    "dev": {
        "TNR": 0.0,
        "AUROC": 0.5832049306625577,
        "DTACC": 0.6063174114021572,
        "AUIN": 0.931817064061618,
        "AUOUT": 0.09774748203254234
    },
    "test": {
        "TNR": 0.08571428571428574,
        "AUROC": 0.5975990396158464,
        "DTACC": 0.5938375350140056,
        "AUIN": 0.9307234711200146,
        "AUOUT": 0.12732850965682743
    }
}