{
    "best_epoch": 159,
    "TNR": 0.7338709677419355,
    "AUROC": 0.940976882491785,
    "DTACC": 0.8884765353820522,
    "AUIN": 0.997952718580867,
    "AUOUT": 0.3627178582746367
}