{
    "best_epoch": 112,
    "dev": {
        "TNR": 0.8387096774193549,
        "AUROC": 0.9810409093000783,
        "DTACC": 0.9600570613409415,
        "AUIN": 0.9984414238291386,
        "AUOUT": 0.6553825962099376
    },
    "test": {
        "TNR": 0.8210526315789474,
        "AUROC": 0.9576102418207681,
        "DTACC": 0.9209577999051682,
        "AUIN": 0.997511411487082,
        "AUOUT": 0.5406259456152328
    }
}