{
    "best_epoch": 24,
    "dev": {
        "TNR": 0.2142857142857143,
        "AUROC": 0.8036214485794317,
        "DTACC": 0.8186274509803922,
        "AUIN": 0.9721333549607133,
        "AUOUT": 0.18955016618390047
    },
    "test": {
        "TNR": 0.16279069767441856,
        "AUROC": 0.764586072375369,
        "DTACC": 0.7185378364980495,
        "AUIN": 0.9739457070162869,
        "AUOUT": 0.16944940667514846
    }
}