{
    "best_epoch": 89,
    "TNR": 0.2142857142857143,
    "AUROC": 0.7934842602108789,
    "DTACC": 0.7386519355943817,
    "AUIN": 0.9901364284132204,
    "AUOUT": 0.09444637793474332
}