{
    "best_epoch": 119,
    "dev": {
        "TNR": 0.9834710743801653,
        "AUROC": 0.9946989374262102,
        "DTACC": 0.9703069657615113,
        "AUIN": 0.9983811975914076,
        "AUOUT": 0.96654343699185
    },
    "test": {
        "TNR": 0.9700272479564033,
        "AUROC": 0.9928262149934954,
        "DTACC": 0.9638870730775952,
        "AUIN": 0.9984194487073208,
        "AUOUT": 0.9679305667613765
    }
}