{
    "best_epoch": 121,
    "TNR": 0.9695652173913043,
    "AUROC": 0.9922332370618999,
    "DTACC": 0.9627605183045821,
    "AUIN": 0.9992121670430698,
    "AUOUT": 0.947031803365309
}