{
    "best_epoch": 54,
    "dev": {
        "TNR": 0.993103448275862,
        "AUROC": 0.9953170347779035,
        "DTACC": 0.9765802548084018,
        "AUIN": 0.998350557497286,
        "AUOUT": 0.9724213202343832
    },
    "test": {
        "TNR": 0.9862700228832952,
        "AUROC": 0.9938695771527277,
        "DTACC": 0.9717669614694786,
        "AUIN": 0.9974529159328719,
        "AUOUT": 0.9798250107581458
    }
}