{
    "best_epoch": 118,
    "TNR": 0.9734345351043643,
    "AUROC": 0.991426729899624,
    "DTACC": 0.9633133938075623,
    "AUIN": 0.9989471127241524,
    "AUOUT": 0.9510206937451718
}