{
    "best_epoch": 14,
    "dev": {
        "TNR": 0.0714285714285714,
        "AUROC": 0.7062807881773399,
        "DTACC": 0.7044334975369458,
        "AUIN": 0.9730903746000816,
        "AUOUT": 0.11192237378762358
    },
    "test": {
        "TNR": 0.10869565217391308,
        "AUROC": 0.6683460844684954,
        "DTACC": 0.6721247745226099,
        "AUIN": 0.962368366409194,
        "AUOUT": 0.11423145898256287
    }
}