{
    "best_epoch": 25,
    "dev": {
        "TNR": 0.1071428571428571,
        "AUROC": 0.8361175115207373,
        "DTACC": 0.8047235023041474,
        "AUIN": 0.9849562460832997,
        "AUOUT": 0.19886788704856867
    },
    "test": {
        "TNR": 0.34523809523809523,
        "AUROC": 0.8540100250626567,
        "DTACC": 0.7938702688925705,
        "AUIN": 0.9863894101157169,
        "AUOUT": 0.3160051194660419
    }
}