{
    "clean acc": 0.9671173939766441,
    "noise acc": 0.9386524277811924,
    "adv acc": 0.048094652735095264,
    "clean dwt acc": 0.9642747387830363,
    "adv dwt acc": 0.8136908420405654
}