{
    "best_epoch": 176,
    "dev": {
        "TNR": 0.9522455940875497,
        "AUROC": 0.9890016644759315,
        "DTACC": 0.9545896203812,
        "AUIN": 0.9908410619392769,
        "AUOUT": 0.9870461341920066
    },
    "test": {
        "TNR": 0.9444865479348238,
        "AUROC": 0.9875264076706997,
        "DTACC": 0.9496646920671682,
        "AUIN": 0.9894017725975855,
        "AUOUT": 0.9858534380102357
    }
}