{
    "best_dev_acc": 0.9468941979522184,
    "best_test_acc": 0.9551321450522434
}