{
    "best_epoch": 120,
    "best_dev_acc": 0.9524914675767918,
    "best_test_acc": 0.9551321450522434
}