{
    "best_epoch": 78,
    "dev": {
        "TNR": 0.1578947368421053,
        "AUROC": 0.7757823613086773,
        "DTACC": 0.752400426742532,
        "AUIN": 0.9810969928879496,
        "AUOUT": 0.18696385756644518
    },
    "test": {
        "TNR": 0.30000000000000004,
        "AUROC": 0.8039557555305585,
        "DTACC": 0.7361267341582302,
        "AUIN": 0.9802038502836421,
        "AUOUT": 0.257617528037997
    }
}