{
    "best_epoch": 125,
    "TNR": 0.375,
    "AUROC": 0.8681236535175694,
    "DTACC": 0.8165487333779066,
    "AUIN": 0.9921132216433834,
    "AUOUT": 0.22877355127916987
}