{
    "best_epoch": 62,
    "dev": {
        "TNR": 0.5111111111111111,
        "AUROC": 0.9171592210767469,
        "DTACC": 0.845589919816724,
        "AUIN": 0.9907638018519622,
        "AUOUT": 0.5016535426395272
    },
    "test": {
        "TNR": 0.5539568345323741,
        "AUROC": 0.9027567239276527,
        "DTACC": 0.8419463468346805,
        "AUIN": 0.988048848405847,
        "AUOUT": 0.4714921087371557
    }
}