{
    "clean acc": 0.9671173939766441,
    "noise acc": 0.9384219422249539,
    "adv acc": 0.7668638598647818,
    "clean dwt acc": 0.9642747387830363,
    "adv dwt acc": 0.9347341733251383
}