{
    "clean acc": 0.7571834665027658,
    "noise acc": 0.6784342347879533,
    "adv acc": 0.4164105716041795,
    "clean dwt acc": 0.9668484941610326,
    "adv dwt acc": 0.9597418561770129
}