{
    "best_epoch": 144,
    "dev": {
        "TNR": 0.7924528301886793,
        "AUROC": 0.9562048112024853,
        "DTACC": 0.915283570792169,
        "AUIN": 0.9965119642870099,
        "AUOUT": 0.5003251143383639
    },
    "test": {
        "TNR": 0.8130841121495327,
        "AUROC": 0.9634503932138145,
        "DTACC": 0.9141873140241562,
        "AUIN": 0.9981949425504604,
        "AUOUT": 0.47698746332924064
    }
}