{
    "best_epoch": 105,
    "TNR": 0.44594594594594594,
    "AUROC": 0.8822099171363877,
    "DTACC": 0.820459162370927,
    "AUIN": 0.9983636539015183,
    "AUOUT": 0.06216645672073734
}