{
    "best_epoch": 14,
    "dev": {
        "TNR": 0.9076923076923077,
        "AUROC": 0.9578968903436988,
        "DTACC": 0.9328559738134206,
        "AUIN": 0.9849633695381316,
        "AUOUT": 0.9161259927111121
    },
    "test": {
        "TNR": 0.9238578680203046,
        "AUROC": 0.9723168482139251,
        "DTACC": 0.9400377905541567,
        "AUIN": 0.9886690296919216,
        "AUOUT": 0.9318218496391064
    }
}