{
    "best_epoch": 62,
    "TNR": 0.8770949720670391,
    "AUROC": 0.9385199450026799,
    "DTACC": 0.9199519938647057,
    "AUIN": 0.985522563986957,
    "AUOUT": 0.859502689740118
}