{
    "best_epoch": 157,
    "dev": {
        "TNR": 0.9530754597336715,
        "AUROC": 0.988149869131061,
        "DTACC": 0.9530022112064429,
        "AUIN": 0.9918189838382644,
        "AUOUT": 0.9827569200938963
    },
    "test": {
        "TNR": 0.9463569165786695,
        "AUROC": 0.9889716978750954,
        "DTACC": 0.9486751997032259,
        "AUIN": 0.9923458250865785,
        "AUOUT": 0.9842931436776104
    }
}