{
    "best_epoch": 20,
    "dev": {
        "TNR": 0.28,
        "AUROC": 0.8328169014084505,
        "DTACC": 0.780281690140845,
        "AUIN": 0.9813070803722713,
        "AUOUT": 0.24567530351377492
    },
    "test": {
        "TNR": 0.28,
        "AUROC": 0.7772851030727344,
        "DTACC": 0.726736678335278,
        "AUIN": 0.9727513040567067,
        "AUOUT": 0.24934277034762953
    }
}