{
    "clean acc": 0.7571834665027658,
    "noise acc": 0.6770897357098955,
    "adv acc": 0.014789489858635525,
    "clean dwt acc": 0.9668484941610326,
    "adv dwt acc": 0.9619314689612785
}