{
    "clean acc": 0.9671173939766441,
    "noise acc": 0.9386524277811924,
    "adv acc": 0.012369391518131531,
    "clean dwt acc": 0.9642747387830363,
    "adv dwt acc": 0.9340811309157959
}