{
    "best_epoch": 168,
    "dev": {
        "TNR": 0.9815994338287332,
        "AUROC": 0.9958300030867131,
        "DTACC": 0.9745051282863813,
        "AUIN": 0.9971726632311922,
        "AUOUT": 0.9936633741369725
    },
    "test": {
        "TNR": 0.983026874115983,
        "AUROC": 0.99535889461085,
        "DTACC": 0.972953313484466,
        "AUIN": 0.9967554908710969,
        "AUOUT": 0.9936880982693843
    }
}