{
    "best_epoch": 94,
    "dev": {
        "TNR": 0.9285714285714286,
        "AUROC": 0.989604411169567,
        "DTACC": 0.9488567381626871,
        "AUIN": 0.9975938539491489,
        "AUOUT": 0.9467930437900888
    },
    "test": {
        "TNR": 0.9176470588235294,
        "AUROC": 0.9756555968287408,
        "DTACC": 0.9369019238232522,
        "AUIN": 0.9942492995566891,
        "AUOUT": 0.9244979624946205
    }
}