{
    "best_epoch": 9,
    "dev": {
        "TNR": 0.12,
        "AUROC": 0.7076243093922652,
        "DTACC": 0.687403314917127,
        "AUIN": 0.9399563948498995,
        "AUOUT": 0.2545406404828572
    },
    "test": {
        "TNR": 0.09090909090909094,
        "AUROC": 0.6377331759149941,
        "DTACC": 0.6281818181818182,
        "AUIN": 0.9175269127498636,
        "AUOUT": 0.17981475994553425
    }
}