{
    "best_epoch": 81,
    "dev": {
        "TNR": 0.8857142857142857,
        "AUROC": 0.9774479488765203,
        "DTACC": 0.9523809523809523,
        "AUIN": 0.9981426889401707,
        "AUOUT": 0.5702049384384431
    },
    "test": {
        "TNR": 0.8317757009345794,
        "AUROC": 0.9532216980285935,
        "DTACC": 0.9177399680700307,
        "AUIN": 0.9934315911718722,
        "AUOUT": 0.5752199297225409
    }
}