{
    "best_epoch": 138,
    "dev": {
        "TNR": 0.27586206896551724,
        "AUROC": 0.8269684376053016,
        "DTACC": 0.7716219251937548,
        "AUIN": 0.9611539537670053,
        "AUOUT": 0.47039486855912427
    },
    "test": {
        "TNR": 0.1966292134831461,
        "AUROC": 0.7877639480821387,
        "DTACC": 0.7242650619914762,
        "AUIN": 0.9508313537644142,
        "AUOUT": 0.35957410972450743
    }
}