{
    "best_epoch": 48,
    "TNR": 0.24242424242424243,
    "AUROC": 0.7347182425978988,
    "DTACC": 0.7214552400798819,
    "AUIN": 0.9849130513570168,
    "AUOUT": 0.13808985579527847
}