{
    "best_epoch": 68,
    "dev": {
        "TNR": 0.20833333333333337,
        "AUROC": 0.7121340090090089,
        "DTACC": 0.696509009009009,
        "AUIN": 0.9641996567793135,
        "AUOUT": 0.15286926245354993
    },
    "test": {
        "TNR": 0.11111111111111116,
        "AUROC": 0.6877958395615347,
        "DTACC": 0.6709952665670155,
        "AUIN": 0.9614343509832028,
        "AUOUT": 0.1313058419234495
    }
}