{
    "best_epoch": 121,
    "dev": {
        "TNR": 0.9637681159420289,
        "AUROC": 0.9928574394751049,
        "DTACC": 0.9689900751629916,
        "AUIN": 0.9978752684961933,
        "AUOUT": 0.9631778019147199
    },
    "test": {
        "TNR": 0.9662650602409638,
        "AUROC": 0.9888070624565914,
        "DTACC": 0.9600262890533071,
        "AUIN": 0.9969477228619368,
        "AUOUT": 0.9599548999835319
    }
}