{
    "clean acc": 0.9607022126613399,
    "noise acc": 0.9404578979717271,
    "adv acc": 0.004417639827904118,
    "clean dwt acc": 0.9551321450522434,
    "adv dwt acc": 0.3491856177012907
}