{
    "best_epoch": 116,
    "dev": {
        "TNR": 0.11111111111111116,
        "AUROC": 0.786472550803761,
        "DTACC": 0.7232837933474876,
        "AUIN": 0.9498130866260823,
        "AUOUT": 0.34934957568803854
    },
    "test": {
        "TNR": 0.18134715025906734,
        "AUROC": 0.8122077593832934,
        "DTACC": 0.7608778070209177,
        "AUIN": 0.9561562985264781,
        "AUOUT": 0.38886695593916587
    }
}