{
    "best_epoch": 120,
    "TNR": 0.3417721518987342,
    "AUROC": 0.8585866436104931,
    "DTACC": 0.8070696963514902,
    "AUIN": 0.9959680920433681,
    "AUOUT": 0.18077636323255483
}