{
    "best_epoch": 93,
    "dev": {
        "TNR": 0.7659574468085106,
        "AUROC": 0.9693358053029635,
        "DTACC": 0.9240899326093993,
        "AUIN": 0.9972636507842783,
        "AUOUT": 0.6826330488785269
    },
    "test": {
        "TNR": 0.8194444444444444,
        "AUROC": 0.9729796236641612,
        "DTACC": 0.9255541494094186,
        "AUIN": 0.9979344102471266,
        "AUOUT": 0.7190686257099524
    }
}