{
    "best_epoch": 102,
    "dev": {
        "TNR": 0.5675675675675675,
        "AUROC": 0.9342390518861107,
        "DTACC": 0.8862311509370333,
        "AUIN": 0.9943467425091481,
        "AUOUT": 0.5110380537578748
    },
    "test": {
        "TNR": 0.543859649122807,
        "AUROC": 0.8973938996869768,
        "DTACC": 0.8550161711332274,
        "AUIN": 0.9896489815825124,
        "AUOUT": 0.48685405096216405
    }
}