{
    "clean acc": 0.9671173939766441,
    "noise acc": 0.93899815611555,
    "adv acc": 0.8172249539028887,
    "clean dwt acc": 0.9642747387830363,
    "adv dwt acc": 0.9256299938537185
}