{
    "best_epoch": 184,
    "dev": {
        "TNR": 0.949635520212061,
        "AUROC": 0.9900870713906407,
        "DTACC": 0.9506471107132042,
        "AUIN": 0.9937064026324921,
        "AUOUT": 0.9844328562028152
    },
    "test": {
        "TNR": 0.9436961801722235,
        "AUROC": 0.989364463649048,
        "DTACC": 0.947702638604831,
        "AUIN": 0.9931060256850539,
        "AUOUT": 0.9843938498000018
    }
}