{
    "best_dev_acc": 0.9598634812286689,
    "best_test_acc": 0.9671173939766441
}