{
    "clean acc": 0.9671173939766441,
    "noise acc": 0.937960971112477,
    "adv acc": 0.004263982790411801,
    "clean dwt acc": 0.9642747387830363,
    "adv dwt acc": 0.38360479409956977
}