{
    "clean acc": 0.9671173939766441,
    "noise acc": 0.9384219422249539,
    "adv acc": 0.40346496619545175,
    "clean dwt acc": 0.9642747387830363,
    "adv dwt acc": 0.5549323909035033
}