{
    "best_epoch": 73,
    "TNR": 0.34545454545454546,
    "AUROC": 0.8555323348426797,
    "DTACC": 0.7949204690584001,
    "AUIN": 0.993659897486596,
    "AUOUT": 0.14716381284843658
}