{
    "best_epoch": 50,
    "dev": {
        "TNR": 0.0714285714285714,
        "AUROC": 0.7492711370262393,
        "DTACC": 0.8010204081632654,
        "AUIN": 0.9488471024045944,
        "AUOUT": 0.193362792889247
    },
    "test": {
        "TNR": 0.2325581395348837,
        "AUROC": 0.8258163025604885,
        "DTACC": 0.7916568788661813,
        "AUIN": 0.9813031210587928,
        "AUOUT": 0.2610240872247047
    }
}