{
    "best_epoch": 145,
    "dev": {
        "TNR": 0.25757575757575757,
        "AUROC": 0.857098381070984,
        "DTACC": 0.8074927355749274,
        "AUIN": 0.9712503698087833,
        "AUOUT": 0.4205124146408957
    },
    "test": {
        "TNR": 0.2524752475247525,
        "AUROC": 0.8749784516680281,
        "DTACC": 0.8336225181942871,
        "AUIN": 0.978213753546171,
        "AUOUT": 0.4089053470321882
    }
}