{
    "best_epoch": 92,
    "TNR": 0.40909090909090906,
    "AUROC": 0.8926209732127584,
    "DTACC": 0.8464084095775746,
    "AUIN": 0.9983211827109415,
    "AUOUT": 0.07402730692544308
}