{
    "best_epoch": 112,
    "dev": {
        "TNR": 0.875,
        "AUROC": 0.9403888888888889,
        "DTACC": 0.9215,
        "AUIN": 0.9830165279457395,
        "AUOUT": 0.8826540499927694
    },
    "test": {
        "TNR": 0.8344827586206897,
        "AUROC": 0.9392591690020715,
        "DTACC": 0.8983337394906787,
        "AUIN": 0.9811644945296681,
        "AUOUT": 0.8734955530569442
    }
}