{
    "best_epoch": 168,
    "dev": {
        "TNR": 0.5976470588235294,
        "AUROC": 0.9302166569598137,
        "DTACC": 0.8685206755969714,
        "AUIN": 0.9839559911725201,
        "AUOUT": 0.6951910173044941
    },
    "test": {
        "TNR": 0.6345098039215686,
        "AUROC": 0.9355820270060531,
        "DTACC": 0.87752211702623,
        "AUIN": 0.985135180851993,
        "AUOUT": 0.7448064716353902
    }
}