{
    "best_epoch": 176,
    "dev": {
        "TNR": 0.6936274509803921,
        "AUROC": 0.9358640737261672,
        "DTACC": 0.8835133751385751,
        "AUIN": 0.986906739627188,
        "AUOUT": 0.7065783032121374
    },
    "test": {
        "TNR": 0.6837815810920945,
        "AUROC": 0.9433155272020274,
        "DTACC": 0.886619684548636,
        "AUIN": 0.9892050934026847,
        "AUOUT": 0.7010428733861178
    }
}