{
    "best_epoch": 144,
    "TNR": 0.3830508474576271,
    "AUROC": 0.8949974486629614,
    "DTACC": 0.8397532788128698,
    "AUIN": 0.996990927143991,
    "AUOUT": 0.14674178985442257
}