{
    "best_epoch": 37,
    "dev": {
        "TNR": 0.5,
        "AUROC": 0.8412698412698413,
        "DTACC": 0.808390022675737,
        "AUIN": 0.9847465252809302,
        "AUOUT": 0.425457520766767
    },
    "test": {
        "TNR": 0.4285714285714286,
        "AUROC": 0.861350459011113,
        "DTACC": 0.7823924947656626,
        "AUIN": 0.98834286490264,
        "AUOUT": 0.46692430746094005
    }
}