{
    "clean acc": 0.9607022126613399,
    "noise acc": 0.9402274124154887,
    "adv acc": 0.013982790411800861,
    "clean dwt acc": 0.9551321450522434,
    "adv dwt acc": 0.5457513829133375
}