{
    "best_epoch": 35,
    "dev": {
        "TNR": 0.43999999999999995,
        "AUROC": 0.8653511705685618,
        "DTACC": 0.8029431438127091,
        "AUIN": 0.9852229331022236,
        "AUOUT": 0.3479711213411491
    },
    "test": {
        "TNR": 0.38815789473684215,
        "AUROC": 0.8830665204678362,
        "DTACC": 0.8161549707602339,
        "AUIN": 0.9885053453178755,
        "AUOUT": 0.3503307291827574
    }
}