{
    "clean acc": 0.9607022126613399,
    "noise acc": 0.9402274124154887,
    "adv acc": 0.15676859250153657,
    "clean dwt acc": 0.9551321450522434,
    "adv dwt acc": 0.6977950215119852
}