{
    "best_epoch": 47,
    "dev": {
        "TNR": 0.04761904761904767,
        "AUROC": 0.7499363381716323,
        "DTACC": 0.7098293862999745,
        "AUIN": 0.9605105686585693,
        "AUOUT": 0.20325213115688262
    },
    "test": {
        "TNR": 0.375,
        "AUROC": 0.8074481007067138,
        "DTACC": 0.7467700971731448,
        "AUIN": 0.9688910523050926,
        "AUOUT": 0.3907617955550835
    }
}