{
    "best_epoch": 93,
    "dev": {
        "TNR": 0.9240506329113924,
        "AUROC": 0.9852806824435884,
        "DTACC": 0.946496973032471,
        "AUIN": 0.9977936819981787,
        "AUOUT": 0.8892156530824428
    },
    "test": {
        "TNR": 0.9421661409043113,
        "AUROC": 0.9823060862932597,
        "DTACC": 0.951385258915114,
        "AUIN": 0.997558419975894,
        "AUOUT": 0.8527701781336294
    }
}