{
    "best_epoch": 153,
    "dev": {
        "TNR": 0.40909090909090906,
        "AUROC": 0.8872194750855839,
        "DTACC": 0.856504374286801,
        "AUIN": 0.9855588114804197,
        "AUOUT": 0.4379588390378373
    },
    "test": {
        "TNR": 0.4782608695652174,
        "AUROC": 0.9098675350258296,
        "DTACC": 0.85936400731673,
        "AUIN": 0.9896451677411894,
        "AUOUT": 0.4474288703609104
    }
}