{
    "best_epoch": 39,
    "dev": {
        "TNR": 0.4375,
        "AUROC": 0.8514871382636657,
        "DTACC": 0.8099879421221865,
        "AUIN": 0.986606486460534,
        "AUOUT": 0.3955232452657194
    },
    "test": {
        "TNR": 0.4117647058823529,
        "AUROC": 0.8002176324104882,
        "DTACC": 0.7309519325339527,
        "AUIN": 0.9822117872956502,
        "AUOUT": 0.3330369035320797
    }
}