{
    "best_epoch": 171,
    "dev": {
        "TNR": 0.6289655172413793,
        "AUROC": 0.928166416003769,
        "DTACC": 0.8657089531954989,
        "AUIN": 0.9689092767815697,
        "AUOUT": 0.8124919419996488
    },
    "test": {
        "TNR": 0.6570247933884297,
        "AUROC": 0.9277802611188986,
        "DTACC": 0.8618730307064728,
        "AUIN": 0.9692722837677052,
        "AUOUT": 0.8251323718238494
    }
}