{
    "clean acc": 0.9607022126613399,
    "noise acc": 0.9415334972341733,
    "adv acc": 0.011140135218192994,
    "clean dwt acc": 0.9551321450522434,
    "adv dwt acc": 0.24120313460356485
}