{
    "best_epoch": 125,
    "dev": {
        "TNR": 0.9800133244503664,
        "AUROC": 0.9953027919134838,
        "DTACC": 0.9705492037566353,
        "AUIN": 0.9963832597142888,
        "AUOUT": 0.9931483135015818
    },
    "test": {
        "TNR": 0.9811320754716981,
        "AUROC": 0.9948608147800391,
        "DTACC": 0.972097063383274,
        "AUIN": 0.9959367363564223,
        "AUOUT": 0.9935217879962712
    }
}