{
    "best_epoch": 132,
    "TNR": 0.995679012345679,
    "AUROC": 0.9986092299770274,
    "DTACC": 0.9848018871174499,
    "AUIN": 0.9997886655957695,
    "AUOUT": 0.9908763530591163
}