{
    "best_epoch": 189,
    "dev": {
        "TNR": 0.9425998874507597,
        "AUROC": 0.9892876738902162,
        "DTACC": 0.9496556518039506,
        "AUIN": 0.9917275042564266,
        "AUOUT": 0.9862033785765977
    },
    "test": {
        "TNR": 0.9370196813495782,
        "AUROC": 0.9867416397692036,
        "DTACC": 0.9437213363887048,
        "AUIN": 0.9893792293914387,
        "AUOUT": 0.9837864890782166
    }
}