{
    "best_epoch": 104,
    "dev": {
        "TNR": 0.7604790419161677,
        "AUROC": 0.9632323904658538,
        "DTACC": 0.9215968726172706,
        "AUIN": 0.9972210504296541,
        "AUOUT": 0.552646021484915
    },
    "test": {
        "TNR": 0.8131212723658052,
        "AUROC": 0.9675281643472499,
        "DTACC": 0.9239151877018705,
        "AUIN": 0.9976352322307583,
        "AUOUT": 0.6004107672899333
    }
}