{
    "best_epoch": 3,
    "dev": {
        "TNR": 0.09090909090909094,
        "AUROC": 0.6009244992295839,
        "DTACC": 0.653697996918336,
        "AUIN": 0.9443540116595683,
        "AUOUT": 0.10037664045331512
    },
    "test": {
        "TNR": 0.05555555555555558,
        "AUROC": 0.556793562364593,
        "DTACC": 0.5854611575363664,
        "AUIN": 0.9134159308627164,
        "AUOUT": 0.1060905168717339
    }
}