{
    "best_epoch": 88,
    "dev": {
        "TNR": 0.9264705882352942,
        "AUROC": 0.9664424280350437,
        "DTACC": 0.9525969962453066,
        "AUIN": 0.9793717421311956,
        "AUOUT": 0.9360672396857754
    },
    "test": {
        "TNR": 0.9223300970873787,
        "AUROC": 0.9729235994373735,
        "DTACC": 0.9403967546056469,
        "AUIN": 0.9856908382341815,
        "AUOUT": 0.9430340381608309
    }
}