{
    "best_epoch": 130,
    "dev": {
        "TNR": 0.7553191489361702,
        "AUROC": 0.9445805948535144,
        "DTACC": 0.8813634844602874,
        "AUIN": 0.9828379895416154,
        "AUOUT": 0.8127774909943375
    },
    "test": {
        "TNR": 0.6947368421052631,
        "AUROC": 0.9488905189803778,
        "DTACC": 0.8893804633535057,
        "AUIN": 0.9841864221079397,
        "AUOUT": 0.8395522482119412
    }
}