{
    "best_epoch": 164,
    "TNR": 0.4104046242774566,
    "AUROC": 0.8326102337502836,
    "DTACC": 0.7597742403640226,
    "AUIN": 0.9736448071647339,
    "AUOUT": 0.46886836813501775
}