{
    "best_epoch": 25,
    "dev": {
        "TNR": 0.0,
        "AUROC": 0.6437229437229437,
        "DTACC": 0.6783549783549784,
        "AUIN": 0.9432557974354918,
        "AUOUT": 0.11912646790379662
    },
    "test": {
        "TNR": 0.0,
        "AUROC": 0.5715522347259556,
        "DTACC": 0.5991844730967242,
        "AUIN": 0.9247801267791005,
        "AUOUT": 0.10386054978560491
    }
}