{
    "best_epoch": 23,
    "TNR": 0.11627906976744184,
    "AUROC": 0.7344961240310077,
    "DTACC": 0.7015091538842156,
    "AUIN": 0.9863160447925786,
    "AUOUT": 0.07300066842078823
}