{
    "best_epoch": 94,
    "dev": {
        "TNR": 0.5877192982456141,
        "AUROC": 0.905664331477157,
        "DTACC": 0.8385426022393869,
        "AUIN": 0.9778072226166308,
        "AUOUT": 0.65844175080586
    },
    "test": {
        "TNR": 0.4651162790697675,
        "AUROC": 0.9066784659600273,
        "DTACC": 0.8396383747297369,
        "AUIN": 0.9801298566752966,
        "AUOUT": 0.6261794271636265
    }
}