{
    "best_epoch": 88,
    "dev": {
        "TNR": 0.23076923076923073,
        "AUROC": 0.7701357466063348,
        "DTACC": 0.7371040723981901,
        "AUIN": 0.9710583244311465,
        "AUOUT": 0.24740489120987488
    },
    "test": {
        "TNR": 0.14634146341463417,
        "AUROC": 0.8294588414634146,
        "DTACC": 0.7813452743902439,
        "AUIN": 0.9836036945679676,
        "AUOUT": 0.21352414772536443
    }
}