{
    "best_epoch": 42,
    "TNR": 0.1964285714285714,
    "AUROC": 0.8071773252730936,
    "DTACC": 0.7689574716300774,
    "AUIN": 0.9893859669579118,
    "AUOUT": 0.11912320868253079
}