{
    "best_epoch": 43,
    "dev": {
        "TNR": 0.7407407407407407,
        "AUROC": 0.9670781893004115,
        "DTACC": 0.9421613394216134,
        "AUIN": 0.9978756054300826,
        "AUOUT": 0.4054713485354209
    },
    "test": {
        "TNR": 0.6,
        "AUROC": 0.929387925382919,
        "DTACC": 0.8909976756660111,
        "AUIN": 0.9958267390253507,
        "AUOUT": 0.33913656642935175
    }
}