{
    "best_epoch": 138,
    "TNR": 0.46464646464646464,
    "AUROC": 0.9099494176063855,
    "DTACC": 0.8573241991121011,
    "AUIN": 0.9979977970689545,
    "AUOUT": 0.13541863539564197
}