{
    "best_epoch": 138,
    "dev": {
        "TNR": 0.4155844155844156,
        "AUROC": 0.905803739828636,
        "DTACC": 0.8604569704154766,
        "AUIN": 0.9834049600887051,
        "AUOUT": 0.5084705518554526
    },
    "test": {
        "TNR": 0.44396551724137934,
        "AUROC": 0.9012007176976639,
        "DTACC": 0.8441339504265786,
        "AUIN": 0.9824455800024953,
        "AUOUT": 0.5136580279914192
    }
}