{
    "best_epoch": 90,
    "TNR": 0.6155660377358491,
    "AUROC": 0.9295407319992925,
    "DTACC": 0.8657207764824312,
    "AUIN": 0.9966413000556251,
    "AUOUT": 0.3996763692432989
}