{
    "best_epoch": 135,
    "dev": {
        "TNR": 0.5452261306532663,
        "AUROC": 0.9006588786411074,
        "DTACC": 0.838883734359337,
        "AUIN": 0.9654564808983506,
        "AUOUT": 0.6983983184367648
    },
    "test": {
        "TNR": 0.5409698996655519,
        "AUROC": 0.9028566218074012,
        "DTACC": 0.8411359547239634,
        "AUIN": 0.9697130404588503,
        "AUOUT": 0.6947407255221143
    }
}