{
    "best_dev_acc": 0.9574061433447099,
    "best_test_acc": 0.9642747387830363
}