{
    "best_epoch": 211,
    "best_dev_acc": 0.9606825938566553,
    "best_test_acc": 0.9642747387830363
}