{
    "best_epoch": 40,
    "dev": {
        "TNR": 0.21212121212121215,
        "AUROC": 0.6857112794612795,
        "DTACC": 0.6794507575757575,
        "AUIN": 0.9382889692280196,
        "AUOUT": 0.20234483633199093
    },
    "test": {
        "TNR": 0.196078431372549,
        "AUROC": 0.7852060178910274,
        "DTACC": 0.7429746091985182,
        "AUIN": 0.9659830932273656,
        "AUOUT": 0.25865030547949835
    }
}