{
    "best_epoch": 88,
    "TNR": 0.2183908045977011,
    "AUROC": 0.7505602194053314,
    "DTACC": 0.7015674994704393,
    "AUIN": 0.9853764195920962,
    "AUOUT": 0.1167214792014823
}