{
    "best_epoch": 141,
    "dev": {
        "TNR": 0.47490347490347495,
        "AUROC": 0.873557618339402,
        "DTACC": 0.813651615833779,
        "AUIN": 0.9617125734203387,
        "AUOUT": 0.6533020870853301
    },
    "test": {
        "TNR": 0.49102564102564106,
        "AUROC": 0.8859156468531468,
        "DTACC": 0.8152000777000777,
        "AUIN": 0.967119272215245,
        "AUOUT": 0.6810536022021496
    }
}