{
    "best_epoch": 60,
    "dev": {
        "TNR": 0.6470588235294117,
        "AUROC": 0.9012246536839992,
        "DTACC": 0.8226259787191327,
        "AUIN": 0.9916671906955887,
        "AUOUT": 0.46552480872965796
    },
    "test": {
        "TNR": 0.509090909090909,
        "AUROC": 0.8784797123780175,
        "DTACC": 0.8193631227529532,
        "AUIN": 0.9891693531564612,
        "AUOUT": 0.478626794160804
    }
}