{
    "best_epoch": 121,
    "dev": {
        "TNR": 0.9411764705882353,
        "AUROC": 0.9894693541752365,
        "DTACC": 0.9601398601398601,
        "AUIN": 0.9985511075157922,
        "AUOUT": 0.8557330567060697
    },
    "test": {
        "TNR": 0.9032258064516129,
        "AUROC": 0.9759091795264018,
        "DTACC": 0.9422624135810801,
        "AUIN": 0.9977676296627372,
        "AUOUT": 0.7772542620621965
    }
}