{
    "best_epoch": 101,
    "dev": {
        "TNR": 1.0,
        "AUROC": 0.9991059010530497,
        "DTACC": 0.9887790582157758,
        "AUIN": 0.9991318792627988,
        "AUOUT": 0.9919568696376738
    },
    "test": {
        "TNR": 0.9928741092636579,
        "AUROC": 0.9966730476244836,
        "DTACC": 0.9800322487168567,
        "AUIN": 0.9991205980947583,
        "AUOUT": 0.9820481257185663
    }
}