{
    "clean acc": 0.9671173939766441,
    "noise acc": 0.9386524277811924,
    "adv acc": 0.027389366933005532,
    "clean dwt acc": 0.9642747387830363,
    "adv dwt acc": 0.24227873386601106
}