{
    "best_dev_acc": 0.955358361774744,
    "best_test_acc": 0.9607022126613399
}