{
    "best_epoch": 117,
    "dev": {
        "TNR": 0.966789667896679,
        "AUROC": 0.9877866521971637,
        "DTACC": 0.9634407202550563,
        "AUIN": 0.9984243143000294,
        "AUOUT": 0.8683053711108399
    },
    "test": {
        "TNR": 0.9436274509803921,
        "AUROC": 0.9829863425540187,
        "DTACC": 0.9483377770371605,
        "AUIN": 0.9979707256238493,
        "AUOUT": 0.8464769782140665
    }
}