{
    "best_epoch": 30,
    "TNR": 0.996822033898305,
    "AUROC": 0.9989170407157857,
    "DTACC": 0.9880785839047742,
    "AUIN": 0.9998027419105974,
    "AUOUT": 0.9943029159363209
}