{
    "best_epoch": 177,
    "dev": {
        "TNR": 0.982769623484365,
        "AUROC": 0.9948454890593059,
        "DTACC": 0.9722887575308535,
        "AUIN": 0.9949707726091304,
        "AUOUT": 0.9938336089330405
    },
    "test": {
        "TNR": 0.9849032532426111,
        "AUROC": 0.9956590068676836,
        "DTACC": 0.9742548198312033,
        "AUIN": 0.996082646325948,
        "AUOUT": 0.9943827179058367
    }
}