{
    "best_epoch": 50,
    "dev": {
        "TNR": 0.38888888888888884,
        "AUROC": 0.8321759259259258,
        "DTACC": 0.7864583333333333,
        "AUIN": 0.9840589105909207,
        "AUOUT": 0.37654607322403894
    },
    "test": {
        "TNR": 0.5517241379310345,
        "AUROC": 0.8107209311532524,
        "DTACC": 0.7736648323369888,
        "AUIN": 0.9787345323000286,
        "AUOUT": 0.4687326457813429
    }
}