{
    "clean acc": 0.9607022126613399,
    "noise acc": 0.9415334972341733,
    "adv acc": 0.8177627535341119,
    "clean dwt acc": 0.9551321450522434,
    "adv dwt acc": 0.9185233558696988
}