{
    "best_epoch": 148,
    "dev": {
        "TNR": 0.9610148514851485,
        "AUROC": 0.9902464319734765,
        "DTACC": 0.9569040436946652,
        "AUIN": 0.9931768570301596,
        "AUOUT": 0.9845428584238923
    },
    "test": {
        "TNR": 0.950917714992782,
        "AUROC": 0.9895884865313826,
        "DTACC": 0.9519694753810426,
        "AUIN": 0.9927756819600314,
        "AUOUT": 0.9848300631802641
    }
}