{
    "best_epoch": 107,
    "dev": {
        "TNR": 0.9838709677419355,
        "AUROC": 0.9967741935483871,
        "DTACC": 0.9721468298109011,
        "AUIN": 0.9987484303097937,
        "AUOUT": 0.9807716680121275
    },
    "test": {
        "TNR": 0.9867021276595744,
        "AUROC": 0.9964380262977942,
        "DTACC": 0.9785719867924897,
        "AUIN": 0.9991637789603771,
        "AUOUT": 0.978360679050048
    }
}