{
    "clean acc": 0.7571834665027658,
    "noise acc": 0.6784342347879533,
    "adv acc": 0.004648125384142594,
    "clean dwt acc": 0.9668484941610326,
    "adv dwt acc": 0.6894975414874002
}