{
    "best_epoch": 126,
    "dev": {
        "TNR": 1.0,
        "AUROC": 0.9994832884610154,
        "DTACC": 0.992371705963939,
        "AUIN": 0.9991972885528813,
        "AUOUT": 0.9943623892696856
    },
    "test": {
        "TNR": 0.9956427015250545,
        "AUROC": 0.9979461325202392,
        "DTACC": 0.9827096761208974,
        "AUIN": 0.9993379943399203,
        "AUOUT": 0.9895330541266913
    }
}