{
    "best_epoch": 28,
    "TNR": 0.18918918918918914,
    "AUROC": 0.7458699917716312,
    "DTACC": 0.6939521488701818,
    "AUIN": 0.9845047616995489,
    "AUOUT": 0.09851555924288685
}