{
    "best_epoch": 10,
    "dev": {
        "TNR": 0.0,
        "AUROC": 0.5868055555555557,
        "DTACC": 0.6291666666666668,
        "AUIN": 0.9286275797992838,
        "AUOUT": 0.10416228341573458
    },
    "test": {
        "TNR": 0.052631578947368474,
        "AUROC": 0.5975360839772561,
        "DTACC": 0.610803324099723,
        "AUIN": 0.933387772997643,
        "AUOUT": 0.11352379916294164
    }
}