{
    "best_epoch": 146,
    "dev": {
        "TNR": 0.6428571428571428,
        "AUROC": 0.920970695970696,
        "DTACC": 0.8670329670329671,
        "AUIN": 0.9834683077379696,
        "AUOUT": 0.7032336735101389
    },
    "test": {
        "TNR": 0.6062992125984252,
        "AUROC": 0.9340789407693466,
        "DTACC": 0.8750488991423843,
        "AUIN": 0.9869129514777584,
        "AUOUT": 0.7542114295122142
    }
}