{
    "best_epoch": 30,
    "TNR": 0.25619834710743805,
    "AUROC": 0.8064536391453774,
    "DTACC": 0.7517408314713616,
    "AUIN": 0.9824167746127009,
    "AUOUT": 0.2472578798935886
}