{
    "best_epoch": 40,
    "dev": {
        "TNR": 0.10526315789473684,
        "AUROC": 0.8157894736842105,
        "DTACC": 0.7865292602134708,
        "AUIN": 0.9838965485911602,
        "AUOUT": 0.15781175766577188
    },
    "test": {
        "TNR": 0.31666666666666665,
        "AUROC": 0.7625968992248062,
        "DTACC": 0.7087209302325581,
        "AUIN": 0.9743477766329244,
        "AUOUT": 0.22389244501136482
    }
}