{
    "best_epoch": 90,
    "dev": {
        "TNR": 0.6976744186046512,
        "AUROC": 0.9471429038694272,
        "DTACC": 0.9232983351323063,
        "AUIN": 0.995683653012499,
        "AUOUT": 0.4343697522525493
    },
    "test": {
        "TNR": 0.4418604651162791,
        "AUROC": 0.9175521876723862,
        "DTACC": 0.8614449960804808,
        "AUIN": 0.9943136136161611,
        "AUOUT": 0.3543607957059259
    }
}