{
    "best_epoch": 152,
    "dev": {
        "TNR": 0.4715821812596006,
        "AUROC": 0.881075827398408,
        "DTACC": 0.8183488339617372,
        "AUIN": 0.9328450493362636,
        "AUOUT": 0.7845056928664667
    },
    "test": {
        "TNR": 0.5168884339815762,
        "AUROC": 0.8931604878302657,
        "DTACC": 0.824959789442901,
        "AUIN": 0.9393740033054394,
        "AUOUT": 0.7914510194014317
    }
}