{
    "best_epoch": 167,
    "TNR": 0.6695736434108528,
    "AUROC": 0.9348252752971066,
    "DTACC": 0.8648432776999778,
    "AUIN": 0.9922416524461597,
    "AUOUT": 0.6430621396215818
}