{
    "best_epoch": 128,
    "TNR": 0.5360824742268041,
    "AUROC": 0.9125981698135063,
    "DTACC": 0.8558542800880343,
    "AUIN": 0.997326594751037,
    "AUOUT": 0.2786004075653952
}