{
    "best_epoch": 95,
    "dev": {
        "TNR": 0.5384615384615384,
        "AUROC": 0.9380494505494505,
        "DTACC": 0.8834478021978022,
        "AUIN": 0.9960654806305344,
        "AUOUT": 0.3394521696875297
    },
    "test": {
        "TNR": 0.5512820512820513,
        "AUROC": 0.9007038712921065,
        "DTACC": 0.8516042780748663,
        "AUIN": 0.9905093064069272,
        "AUOUT": 0.3552797270837695
    }
}