{
    "clean acc": 0.9607022126613399,
    "noise acc": 0.9414566687154272,
    "adv acc": 0.007375537799631223,
    "clean dwt acc": 0.9551321450522434,
    "adv dwt acc": 0.9068838352796558
}