{
    "clean acc": 0.9671173939766441,
    "noise acc": 0.93899815611555,
    "adv acc": 0.02742778119237861,
    "clean dwt acc": 0.9642747387830363,
    "adv dwt acc": 0.33892901044867857
}