{
    "clean acc": 0.7571834665027658,
    "noise acc": 0.6785110633066994,
    "adv acc": 0.0053779963122311,
    "clean dwt acc": 0.9668484941610326,
    "adv dwt acc": 0.7263368162261832
}